BEGIN TRANSACTION;
CREATE TABLE IF NOT EXISTS "migrations" (id SERIAL PRIMARY KEY not null, "migration" varchar not null, "batch" integer not null);
INSERT INTO migrations VALUES(1,'0001_01_01_000000_create_users_table',1);
INSERT INTO migrations VALUES(2,'0001_01_01_000001_create_cache_table',1);
INSERT INTO migrations VALUES(3,'0001_01_01_000002_create_jobs_table',1);
INSERT INTO migrations VALUES(4,'2025_10_06_233135_create_posts_table',1);
INSERT INTO migrations VALUES(5,'2025_10_06_234749_create_admins_table',1);
INSERT INTO migrations VALUES(6,'2025_10_07_000510_create_tags_table',1);
INSERT INTO migrations VALUES(7,'2025_10_07_000525_create_topics_table',1);
INSERT INTO migrations VALUES(8,'2025_10_07_000623_create_feedbacks_table',1);
INSERT INTO migrations VALUES(9,'2025_10_07_000738_create_user_follows_table',1);
INSERT INTO migrations VALUES(10,'2025_10_07_000756_create_comments_table',1);
INSERT INTO migrations VALUES(11,'2025_10_07_000810_create_likes_table',1);
INSERT INTO migrations VALUES(12,'2025_10_07_000821_create_saves_table',1);
INSERT INTO migrations VALUES(13,'2025_10_07_000830_create_views_table',1);
INSERT INTO migrations VALUES(14,'2025_10_07_000846_create_post_topics_table',1);
INSERT INTO migrations VALUES(15,'2025_10_07_000922_create_post_tags_table',1);
INSERT INTO migrations VALUES(16,'2025_10_21_064411_create_subscribed_emails_table',1);
INSERT INTO migrations VALUES(17,'2025_10_22_091509_create_notifications_table',1);
CREATE TABLE IF NOT EXISTS "users" (id SERIAL PRIMARY KEY not null, "username" varchar not null, "firstname" varchar not null, "middlename" varchar, "lastname" varchar not null, "bio" text, "tagline" varchar, "avatar" varchar, "birthdate" date not null, "gender" varchar check ("gender" in ('Male', 'Female', 'Other')) not null, "phonenumber" varchar not null, "email" varchar not null, "email_verified_at" datetime, "password" varchar not null, "status" varchar check ("status" in ('Active', 'Inactive', 'Deactivated', 'Suspended', 'Banned')) not null default 'Active', "remember_token" varchar, "created_at" datetime, "updated_at" datetime);
INSERT INTO users VALUES(1,'Bert Howell','Jermey','Von','Becker',unistr('Sint sed ab beatae ad inventore pariatur. Consequuntur aut est voluptatem voluptatem consequuntur. Rerum amet nemo rem iusto omnis sequi reiciendis vero.\u000a\u000aSit quisquam quos assumenda est doloribus. Nihil delectus et corrupti repellendus. Cupiditate dolor voluptas aut vero quo deleniti veniam nemo. Rerum consequatur veritatis aliquam magni eos. Vitae eum eum voluptatem sunt.\u000a\u000aDolor aut ut labore sequi et et. Ipsam ea fuga soluta vel maiores dolorum. Hic consequatur id nihil commodi suscipit. Adipisci labore accusantium earum error dolorum ut.'),'Quasi voluptatibus et qui quia. Voluptas quia fugiat quisquam eius pariatur at aut. Nam laudantium aliquam vel.','','2014-10-10 00:00:00','Male','662-714-4837','hwintheiser@example.com','2025-10-30 16:04:35','$2y$12$oGoh3VRWrdNcvnM2u3G3zOxjFwNNRiWv.snD8wKJEvKWsenTTmDw6','Active','kGGazE33ZF','2025-10-30 16:04:36','2025-10-30 16:04:36');
INSERT INTO users VALUES(2,'Brionna Rau','Maurine','Hills','Lockman',unistr('Soluta dolorum totam accusantium unde non. Corporis voluptatem consequatur rerum. Iste sit et consequatur ut nihil.\u000a\u000aVero expedita molestiae odio hic. Et iste maxime sed porro laudantium. Itaque recusandae et porro quis molestiae quibusdam natus. Magni autem nam consequatur quasi.\u000a\u000aQui natus consequuntur incidunt. Cum possimus magni et qui natus.'),'Voluptatum sed vel sed suscipit dicta. Dolor debitis mollitia ullam odio porro eos nobis.','','1978-04-02 00:00:00','Female','(336) 905-4203','koelpin.jadyn@example.org','2025-10-30 16:04:36','$2y$12$9fLhJepf6SYUAZJfIFXCOONwIJKuwbPP5J6HVDeKimgziIhh8HJvu','Active','WIZqbJjaFH','2025-10-30 16:04:36','2025-10-30 16:04:36');
INSERT INTO users VALUES(3,'Theo Schinner','Marge','Beier','Lehner',unistr('Sunt et veritatis praesentium enim natus sunt. Cupiditate eveniet reprehenderit veniam esse omnis incidunt. Ut at adipisci dolor.\u000a\u000aId non qui aut accusamus eum aliquid quis. Aliquam fuga praesentium sint voluptatum aut repudiandae et. Necessitatibus ea labore dolor quas. Distinctio sed possimus iste non sit. Expedita et dolor nesciunt laudantium reprehenderit ut aliquam recusandae.\u000a\u000aUt esse nulla et asperiores et molestiae amet aut. Aspernatur doloribus odio suscipit numquam ut. Quisquam facere voluptas harum et necessitatibus repudiandae commodi.'),'Rerum fugiat ipsam sapiente mollitia error ut quo. Praesentium tempore placeat tenetur perspiciatis iure quisquam. Aliquid quibusdam ut voluptatibus occaecati perspiciatis facere.','','2022-02-23 00:00:00','Male','520-540-5676','gerda93@example.net','2025-10-30 16:04:36','$2y$12$6Z3yYUEOiL1LB5H9eBQ9nuv4byNlCfceb7di89Y2a1drq3HxCI9jO','Active','hWms4oLo5F','2025-10-30 16:04:36','2025-10-30 16:04:36');
INSERT INTO users VALUES(4,'Francisco Smith','Kaya','Lowe','Lakin',unistr('Debitis eos magni voluptatem et ab. Quam minus ut eum perspiciatis velit repudiandae ipsum. Reiciendis tempore aspernatur non qui.\u000a\u000aUt recusandae mollitia ipsam. Ut sequi ut est cumque debitis quam. Aperiam id ut magnam. Quia ducimus maiores officiis nihil illo.\u000a\u000aIncidunt impedit aut et sint sed quam. Excepturi perferendis eum officiis et vel esse et qui. Sunt hic sequi quod.'),'Aut delectus et accusantium. Eaque omnis corrupti qui qui non maxime non. Sed tenetur in sint a. A id dolor ut ducimus eos eum dolor cum.','','2017-09-30 00:00:00','Female','872.340.2835','walter.titus@example.net','2025-10-30 16:04:36','$2y$12$TJfKw9xMQEWg1dB/9V5bOe6UlqUeJc.od7Lbo8y3ns/YyJlzB8EqO','Active','8RPxGoqpsb','2025-10-30 16:04:36','2025-10-30 16:04:36');
INSERT INTO users VALUES(5,'Bridget Homenick','Gordon','Carter','Bednar',unistr('Voluptas dignissimos sed sequi quaerat cum illo magni. Non saepe nemo totam quia consequuntur earum ullam modi. Excepturi itaque corrupti corporis laborum ullam nobis cum.\u000a\u000aFugiat ut et placeat mollitia quo est. Saepe deserunt temporibus recusandae eum. Possimus aut architecto accusamus distinctio fuga voluptatem quis.\u000a\u000aNisi ut beatae quis consectetur dolorum et. Quasi aut non sit labore iusto officia dolorem. Minima facilis blanditiis mollitia ab consequatur aut et.'),'Et quibusdam impedit sint officia ab. Optio dolorum ut ducimus possimus illum explicabo. Dolorem reprehenderit beatae qui ut sunt.','','2008-05-14 00:00:00','Other','+1.347.214.4491','cummings.ulices@example.com','2025-10-30 16:04:36','$2y$12$qU3bJKuIB0UIox9mnrfiEe1AzAOa0A8bYqmNBRp4FoVIQIVyvAKoG','Active','qLq9zc3FOR','2025-10-30 16:04:37','2025-10-30 16:04:37');
INSERT INTO users VALUES(6,'Mr. Felton Volkman II','Major','Ferry','Runolfsson',unistr('Quam et quia consequuntur sed voluptatem sed. Voluptate ex non nisi sint ex. Ratione quia nemo aut officiis dolor consequatur. Ea corporis dolorum porro non at ducimus.\u000a\u000aUt porro quibusdam praesentium vel officia. Amet laboriosam unde dolores rerum molestiae autem reiciendis laudantium. Eveniet consequatur et qui. Consequuntur officia aut voluptatem non corporis facilis.\u000a\u000aDolorem magni et incidunt repellendus reprehenderit quia enim. Rem et voluptatem rem sed nemo neque molestiae. Nihil optio iure commodi quidem veniam quisquam. Quis qui consectetur consequuntur minima. Explicabo id omnis minus non consequatur.'),'Nulla perspiciatis magni odio modi animi. Consequuntur porro adipisci illo ipsa dicta. Est est praesentium totam id. Corrupti et sed cum modi et velit. Aperiam et et iste cum deserunt.','','1985-07-25 00:00:00','Female','1-212-364-8563','kara.harris@example.net','2025-10-30 16:04:37','$2y$12$ojtMoIgYONzJb0B1nh3ge.fwio7v9cMiuaT2jXTh9q42e2Gdon9by','Active','DtTeWUUprU','2025-10-30 16:04:37','2025-10-30 16:04:37');
INSERT INTO users VALUES(7,'Prof. Derrick Crooks II','Ruby','Stracke','Hane',unistr('Doloremque repellendus beatae culpa odit aut. Adipisci temporibus consequuntur necessitatibus aperiam dicta est.\u000a\u000aHic accusamus molestiae provident porro qui. Molestiae reprehenderit iste consequuntur accusantium tenetur. Eos facere voluptatem ullam soluta incidunt.\u000a\u000aRepudiandae architecto ducimus omnis perferendis maiores ipsa illo. Ab similique ipsum eos aut sunt alias tempore distinctio. Quia praesentium dignissimos eveniet aut. Nemo iure enim sunt consequatur.'),'Impedit natus quaerat accusantium vero est. Dolor nobis ut quo harum accusamus sint et. Non ut quos neque. Omnis fuga ut autem porro et.','','1993-10-30 00:00:00','Other','341.841.5374','green.zetta@example.net','2025-10-30 16:04:37','$2y$12$kZSwt4f3HbRjFFq8y24lJObF0jLrzHwEuausyDhqYgBPMNcGbEEmK','Active','MgZJBr9npv','2025-10-30 16:04:37','2025-10-30 16:04:37');
INSERT INTO users VALUES(8,'Mr. Darwin Beier','Alessandra','Kuhlman','Block',unistr('Ipsa ex tenetur et libero quaerat illum et saepe. Enim error aspernatur qui mollitia delectus qui.\u000a\u000aFacere quibusdam et quia quidem odit non eum. Est voluptas quis nam quia aperiam. Qui quia aut eos quae et nisi iure.\u000a\u000aPlaceat omnis nobis eum debitis ex perspiciatis facilis. Occaecati qui alias voluptatem. Porro hic in deleniti qui vel. Repellendus ratione a aut aut pariatur.'),'Illo voluptatem quos autem optio. Quia illo ducimus et dicta nulla. Earum quo facilis velit ea in cupiditate.','','2005-10-02 00:00:00','Female','(765) 415-7968','trinity.klocko@example.com','2025-10-30 16:04:37','$2y$12$lY.EIsohUfDDMoBceA7JTuyCPoPoMBccJTE05R0/ZPscII8Nq0zru','Active','b94R0aSadv','2025-10-30 16:04:37','2025-10-30 16:04:37');
INSERT INTO users VALUES(9,'Vance O''Conner','Gregorio','Bayer','Wehner',unistr('Qui et voluptatibus ut qui velit ab nisi. Enim voluptatem voluptatem dolore sit distinctio.\u000a\u000aQuia porro ut et quasi natus ut. Nobis recusandae ea vero illo modi laboriosam sint. Voluptatem voluptatem et iusto alias omnis quis.\u000a\u000aNobis illo harum ea voluptatem magnam sint. Omnis maiores eos accusantium dicta. Nemo quaerat voluptatem rem distinctio explicabo. Pariatur atque ipsa molestiae.'),'Et doloremque blanditiis quo amet cum quae ut necessitatibus. Repudiandae minima qui aliquid et sed ipsam asperiores fuga. Reiciendis nostrum quia quo hic excepturi et architecto.','','2008-05-07 00:00:00','Other','1-848-870-3751','welch.luther@example.org','2025-10-30 16:04:37','$2y$12$b.hcG1shfU9fez/E99sArO8EJwMvn8nrGoXAY.M14kN0PusCF7Iba','Active','fBq1ntbaSK','2025-10-30 16:04:37','2025-10-30 16:04:37');
INSERT INTO users VALUES(10,'Brant Conroy','Cleora','Rowe','Pagac',unistr('Sit consequatur et adipisci enim est doloribus. Ea est accusantium perferendis et qui in. Pariatur corrupti qui sed quas est. Harum animi ipsam ab. Adipisci commodi provident amet eum expedita eveniet voluptate.\u000a\u000aAt ipsam saepe corporis voluptas. Repudiandae necessitatibus necessitatibus tempore impedit. Iure aut nobis nam mollitia deserunt.\u000a\u000aSed nihil voluptas praesentium ea qui sit. Dolorem optio sint hic sed aliquam est sint ut. Ut eligendi laboriosam cum rerum consequatur aut.'),'Fuga fugit praesentium rem fuga in. Modi in porro non molestiae amet. Fugit adipisci quibusdam non quo commodi id enim. Quaerat sapiente sunt cumque harum esse.','','2024-01-13 00:00:00','Other','571-501-9582','wolff.myra@example.net','2025-10-30 16:04:37','$2y$12$I60KABAwiAzcshu74WMyuurHSsH79URasFWaH3pOyXGOIycKBPzGG','Active','DjzAsG1196','2025-10-30 16:04:38','2025-10-30 16:04:38');
INSERT INTO users VALUES(11,'Keenan Gottlieb','Aurelie','Beahan','Schinner',unistr('Veritatis consequatur voluptatem repudiandae ut quibusdam ipsa laudantium labore. Ut a occaecati soluta consequatur. Perspiciatis non earum est et. Minus dolore et maiores dolor et vitae distinctio. Tenetur unde repellendus vitae quia culpa.\u000a\u000aMolestias et et saepe hic deserunt officiis. Labore quis cumque debitis sint. At repudiandae dignissimos nam est. Quod aut qui dolores maxime aut. Placeat iste ipsum impedit dolorum et consequatur.\u000a\u000aEst autem rem distinctio qui alias quia qui. Ut quisquam quam dolore non enim. Possimus dolor labore sit voluptatem nemo eaque ex accusamus.'),'Omnis eum vitae quo. Voluptatem tempore voluptatibus quaerat sed dicta. Nam et corrupti consequuntur eius unde. Nobis voluptate excepturi fugit sed reprehenderit a perferendis.','','1999-09-11 00:00:00','Other','+1 (640) 428-6875','emard.rosario@example.com','2025-10-30 16:04:38','$2y$12$WS90WSgk3BqNg67RfjdSkOZTEfpHBR0.BA2ZYXBmNrYmHLV866WlK','Active','STsEfDaoJ5','2025-10-30 16:04:38','2025-10-30 16:04:38');
INSERT INTO users VALUES(12,'Courtney Trantow Jr.','Cody','Crooks','Smith',unistr('Debitis veniam aut voluptas occaecati officiis ipsum odio debitis. Quia odit perferendis doloremque ipsa rerum consequuntur laboriosam. Consequatur ipsa provident porro harum veritatis. Aut non molestiae excepturi ut.\u000a\u000aBlanditiis et illo similique id. Quae blanditiis quae qui repellendus. Maxime veniam quibusdam ratione et incidunt.\u000a\u000aEst consequatur rerum nemo. Nisi exercitationem quae nihil ea at est autem provident. Aut recusandae tempora sit occaecati dolorum. Porro laborum sed ut perspiciatis dolor.'),'Modi deleniti quisquam voluptatem consequatur a. Unde non sunt aut veritatis sit autem officia iste. Cupiditate voluptatem consectetur voluptates ea voluptatibus. Sed laudantium quia iste.','','1993-11-23 00:00:00','Other','(870) 381-8866','ciara.becker@example.net','2025-10-30 16:04:38','$2y$12$D9hMSFGneFd3MOzT0ODzoOjFM4VDiSr0YINAri0OhhtTRFVDzZCvO','Active','inD3yQRaXw','2025-10-30 16:04:38','2025-10-30 16:04:38');
INSERT INTO users VALUES(13,'Deron Swaniawski','Dedric','Mayer','Hoppe',unistr('Et totam velit ratione tenetur. Deleniti voluptatem necessitatibus repudiandae ut sit esse distinctio. Et et minima et ipsum expedita esse est.\u000a\u000aConsectetur unde mollitia iure sunt vero tempore fuga ab. Aliquid ipsum animi et necessitatibus est recusandae. Quidem repellat voluptatem nulla ut et ut ipsam.\u000a\u000aQui ab minus nobis voluptas. Earum vero est architecto tempora explicabo est pariatur. Et et consequuntur placeat vel sit. Cum minima repellat suscipit enim.'),'Reiciendis autem doloremque eius vero voluptatem. Similique et nam modi aut. Quisquam sunt aut dolor repudiandae quisquam. Deleniti minus illum assumenda blanditiis voluptatem sunt placeat.','','2012-03-20 00:00:00','Female','(818) 454-2825','johanna.swift@example.org','2025-10-30 16:04:38','$2y$12$EP5v80.ghonVYLOme8nYDuZCFmAs2HMfvpdg5B495zU0XFOP6X3F2','Active','GwypwfhzkP','2025-10-30 16:04:38','2025-10-30 16:04:38');
INSERT INTO users VALUES(14,'Mr. Mateo Pacocha','Loma','Hermiston','Kshlerin',unistr('Iste vero est quo repellat libero doloremque. Aut omnis ad dolorum laudantium amet eum. Dolores explicabo et voluptatem earum et eum enim. Velit rem facere amet dolore omnis aut adipisci.\u000a\u000aTotam expedita error reprehenderit illum illum voluptatum dolore. Voluptatibus aut voluptatibus sit est laudantium. Non velit molestias est cupiditate accusantium.\u000a\u000aNemo consequuntur assumenda qui unde libero. Qui earum repellat quidem aut omnis occaecati expedita. Velit minus magnam eveniet perferendis. Inventore ut deleniti facilis sunt quisquam qui atque ad.'),'Reiciendis pariatur quae sed consequatur et et laborum nobis. Quia enim explicabo maxime nulla et sequi fugit. Neque occaecati quae aut pariatur ipsa. Consectetur sequi et nam atque qui.','','1975-10-18 00:00:00','Other','310-486-4374','ashleigh.runolfsson@example.com','2025-10-30 16:04:38','$2y$12$I45JhGWIAQMuuAiUmxztk.KiEUzlx0QKcJ9yug7AccwKzX7pBsw8e','Active','yh9QzQdf60','2025-10-30 16:04:38','2025-10-30 16:04:38');
INSERT INTO users VALUES(15,'Fred Schaefer','Euna','Jerde','Aufderhar',unistr('Est a quis ut tempora inventore aut qui iure. Odio et delectus consequatur perferendis nulla maiores rem. Beatae et quia facere et veniam neque.\u000a\u000aEt ab voluptatem sint eos. Modi dignissimos voluptatem quia ad quia alias. Neque cum voluptas dicta nihil libero saepe eum. Architecto voluptatem quasi dolore quia ad optio. Dolorem beatae animi quia libero debitis omnis animi deserunt.\u000a\u000aFugiat ut earum sed quis incidunt ipsam porro. Recusandae expedita sint quae deleniti dolorem reprehenderit. Consequatur sequi rerum et voluptas sit fugit occaecati aspernatur.'),'Modi aliquid illum odit sit quos culpa dolore. Ab doloribus nostrum eaque aut. Et magni facere sed dignissimos laboriosam.','','1978-01-25 00:00:00','Male','+1 (404) 998-2156','ytrantow@example.org','2025-10-30 16:04:38','$2y$12$GBu8Mn39s5MrMO1WzqmcSOPjh53duJoWY6Nxs2EhN7iNAl8tgnidy','Active','z5jctL3dq5','2025-10-30 16:04:39','2025-10-30 16:04:39');
INSERT INTO users VALUES(16,'Willy Ebert III','Rita','Wolf','Harris',unistr('Eum eos alias eligendi voluptatem qui explicabo. Et quos cumque occaecati autem aut nihil. Praesentium aut accusamus molestiae voluptatem in nisi. Quis qui voluptas nemo eum sapiente aut ullam.\u000a\u000aMinima quo temporibus quasi harum ut. Magnam impedit iusto soluta odio sit saepe. Iste aut delectus dolorem odio impedit magni est quod. Consequatur saepe earum quod eaque suscipit.\u000a\u000aId consectetur exercitationem quisquam consequatur distinctio et. Omnis voluptate officia non. Eum nostrum aut ipsa et.'),'Sint voluptatem id fugit minus pariatur id. Est voluptatum optio aspernatur possimus. Dignissimos quia consequatur debitis ut qui et. Error maiores possimus consequuntur et.','','1971-06-29 00:00:00','Other','+1 (956) 867-4034','kkessler@example.net','2025-10-30 16:04:39','$2y$12$si.E9dMlndAZc9WTqW36qeXNWuP00zJu08.kzEIjOm0JIsZvtnNzi','Active','e439IRrhLh','2025-10-30 16:04:39','2025-10-30 16:04:39');
INSERT INTO users VALUES(17,'Ms. Sydnie Fisher DDS','Tommie','Predovic','Pacocha',unistr('Consequatur et natus corrupti nisi alias fuga illo. Illo dolore sit repudiandae in inventore ipsum impedit adipisci. Dolorem voluptate maxime enim ut in pariatur. Facere ut architecto laboriosam provident debitis.\u000a\u000aNon aut eos facere qui nisi alias voluptatem. Qui adipisci maxime nihil ab magnam omnis fugit. Rem et excepturi provident est dolor odit et dolores. Provident quibusdam neque exercitationem.\u000a\u000aMolestiae recusandae quas dolore qui quia exercitationem. Ad ipsa libero praesentium qui cumque.'),'Omnis eligendi rerum deleniti maiores. Aut qui sed vel beatae rem. Repudiandae qui molestiae quas. Minima maiores culpa vero ut. Ut vitae ut porro itaque voluptatem quis.','','1971-03-11 00:00:00','Female','1-903-220-5771','muriel29@example.com','2025-10-30 16:04:39','$2y$12$xhxIa3XTIBOWYobX4gRoLudIHVrn.yshjOuwqRA/VFBRoAcjiYPyq','Active','LGcb8KIT2u','2025-10-30 16:04:39','2025-10-30 16:04:39');
INSERT INTO users VALUES(18,'Judah Anderson','Keith','Osinski','Streich',unistr('Expedita laudantium neque fugit voluptatem omnis et vel. Libero excepturi assumenda quas voluptas possimus. Sit et expedita nulla et. Et explicabo exercitationem voluptate in et.\u000a\u000aBlanditiis esse quis explicabo minima similique. Rem corporis commodi voluptas. Suscipit illum eos deleniti qui exercitationem ullam quo aut.\u000a\u000aEa ullam vel suscipit possimus. Animi omnis quos quo accusantium. Et voluptatem ut hic distinctio facere consequatur. Aut error ut quidem nobis nobis asperiores illo.'),'Eum dolorem consequatur dolores quidem eum eos sed consequatur. Aut id et eaque doloribus quia impedit.','','2014-10-27 00:00:00','Other','843.825.7268','jeffery.ankunding@example.com','2025-10-30 16:04:39','$2y$12$0tDXxfZQ/.BHXndywB4inOGS4E2V3U9prd3gliS0a5aH.nJG.7X96','Active','GVMHkBjHeI','2025-10-30 16:04:39','2025-10-30 16:04:39');
INSERT INTO users VALUES(19,'Antonietta Kohler','Russ','Kling','Gleichner',unistr('Cum et voluptatem omnis odit mollitia et dolore velit. Distinctio praesentium quaerat consequuntur et odio aliquam non. Voluptatum quia quo quia esse aliquam. Sunt numquam modi minima dolorum.\u000a\u000aMinus voluptas dolores nulla necessitatibus ut. Quidem libero est adipisci odio quia. Et dolorem voluptate corrupti maxime iusto consequatur. Enim commodi temporibus aliquid totam sed eligendi.\u000a\u000aCulpa et quasi praesentium et qui. Laborum deleniti qui excepturi ullam et. Labore ipsam quis esse laborum. Perspiciatis esse laudantium ut similique quos impedit facere.'),'Quia cumque voluptatem minus et hic dolor et. Ullam aut est est. Ut consequatur iusto placeat non laudantium laborum omnis.','','2001-01-29 00:00:00','Male','210.475.4155','felicia78@example.com','2025-10-30 16:04:39','$2y$12$VHqR6HSoVHEo7S145HpBC.c.s9z9cC8/1cgFEFXL6JxgB7HrOhHKu','Active','EA8OsO0zRv','2025-10-30 16:04:39','2025-10-30 16:04:39');
INSERT INTO users VALUES(20,'Dejah Collins','Amelia','Kerluke','Harris',unistr('Perspiciatis reprehenderit repudiandae sint libero perspiciatis dolores. Autem aut qui distinctio tempora. Deleniti dignissimos consequuntur quisquam voluptatem enim quas.\u000a\u000aAlias maxime qui ut ullam. Qui est dolores repellat ullam. Quasi quaerat ut quas.\u000a\u000aFacilis harum cupiditate nobis a nesciunt. Sint et cumque saepe et suscipit repudiandae quis. Fugiat a velit necessitatibus. Sint doloribus excepturi illo quia sit.'),'Qui tenetur aut vero error laudantium accusantium cumque. Animi voluptatem ut ea sapiente. Saepe tenetur vel placeat ab voluptatem. Et laboriosam dicta voluptatibus nostrum temporibus eius molestiae.','','1972-12-13 00:00:00','Male','+1 (563) 227-6912','heaven02@example.net','2025-10-30 16:04:40','$2y$12$Xhv3y9F4Ea7wdUUxMZu4a.kApvKFXgdl1zd50vzRYGUL7kNb5s21.','Active','pPGWvmPVlz','2025-10-30 16:04:40','2025-10-30 16:04:40');
INSERT INTO users VALUES(21,'Chicken Pastil','Sam','dsa','Banihit','Wa ra gud','Wa ra jud ',NULL,'2025-10-16 00:00:00','Male','(927) 610-6684','sambanihit@gmail.com',NULL,'$2y$12$Hqq11Jo1kKrF.er.nW88KeG7CEKD4j5eyyGHMPdscyoqUBrU80irK','Active',NULL,'2025-10-30 16:22:44','2025-10-30 16:22:44');
CREATE TABLE IF NOT EXISTS "password_reset_tokens" ("email" varchar not null, "token" varchar not null, "created_at" datetime, primary key ("email"));
CREATE TABLE IF NOT EXISTS "sessions" ("id" varchar not null, "user_id" integer, "ip_address" varchar, "user_agent" text, "payload" text not null, "last_activity" integer not null, primary key ("id"));
INSERT INTO sessions VALUES('lv4AywFnbvt4gjI6leSypHbvNQspk4thniwdtQ1p',21,'127.0.0.1','Mozilla/5.0 (Windows NT 10.0; Win64; x64) AppleWebKit/537.36 (KHTML, like Gecko) Chrome/142.0.0.0 Safari/537.36 Edg/142.0.0.0','YTo1OntzOjY6Il90b2tlbiI7czo0MDoieDlSdTFia0lRSlpPQWVaMzBUc2xYY1J3OG9CWmh6T3dqeHN3QVg5MiI7czo2OiJfZmxhc2giO2E6Mjp7czozOiJvbGQiO2E6MDp7fXM6MzoibmV3IjthOjA6e319czo5OiJfcHJldmlvdXMiO2E6MTp7czozOiJ1cmwiO3M6MzM6Imh0dHA6Ly91bnRvbGR3aXRoaW4udGVzdC9wb3N0cy8yMSI7fXM6MjI6IlBIUERFQlVHQkFSX1NUQUNLX0RBVEEiO2E6MDp7fXM6NTA6ImxvZ2luX3dlYl81OWJhMzZhZGRjMmIyZjk0MDE1ODBmMDE0YzdmNThlYTRlMzA5ODlkIjtpOjIxO30=',1763303029);
CREATE TABLE IF NOT EXISTS "cache" ("key" varchar not null, "value" text not null, "expiration" integer not null, primary key ("key"));
INSERT INTO cache VALUES('laravel_cache_rosalia.schamberger@example.net|127.0.0.1:timer','i:1761989005;',1761989005);
INSERT INTO cache VALUES('laravel_cache_rosalia.schamberger@example.net|127.0.0.1','i:1;',1761989005);
CREATE TABLE IF NOT EXISTS "cache_locks" ("key" varchar not null, "owner" varchar not null, "expiration" integer not null, primary key ("key"));
CREATE TABLE IF NOT EXISTS "jobs" (id SERIAL PRIMARY KEY not null, "queue" varchar not null, "payload" text not null, "attempts" integer not null, "reserved_at" integer, "available_at" integer not null, "created_at" integer not null);
CREATE TABLE IF NOT EXISTS "job_batches" ("id" varchar not null, "name" varchar not null, "total_jobs" integer not null, "pending_jobs" integer not null, "failed_jobs" integer not null, "failed_job_ids" text not null, "options" text, "cancelled_at" integer, "created_at" integer not null, "finished_at" integer, primary key ("id"));
CREATE TABLE IF NOT EXISTS "failed_jobs" (id SERIAL PRIMARY KEY not null, "uuid" varchar not null, "connection" text not null, "queue" text not null, "payload" text not null, "exception" text not null, "failed_at" datetime not null default CURRENT_TIMESTAMP);
CREATE TABLE IF NOT EXISTS "posts" (id SERIAL PRIMARY KEY not null, "user_id" integer not null, "title" varchar not null, "slug" varchar not null, "content" text not null, "is_public" tinyint(1) not null default '1', "likes_count" integer not null default '0', "saves_count" integer not null default '0', "comments_count" integer not null default '0', "views_count" integer not null default '0', "created_at" datetime, "updated_at" datetime, foreign key("user_id") references "users"("id") on delete cascade);
INSERT INTO posts VALUES(1,1,'Vero cumque aut qui saepe debitis minus quas occaecati.','vero-cumque-aut-qui-saepe-debitis-minus-quas-occaecati-38067',unistr('Hic omnis quas alias deleniti voluptas dolorem sed. Laborum omnis facere tenetur. Consequatur natus aut quis culpa. Voluptatibus dolor odit ducimus enim cumque ullam repellendus.\u000a\u000aId quae harum architecto. Sit quis est cum cupiditate consequatur non minus. Distinctio tenetur commodi explicabo non. Nisi porro doloremque ut delectus.\u000a\u000aDicta architecto et debitis consequatur omnis pariatur. Cupiditate reprehenderit ut alias est et quia. Sunt qui et harum accusantium iure ea sit. Rerum temporibus accusantium velit molestias sed cum illo ratione. Officia iste cupiditate ut sit beatae expedita.'),0,0,0,0,275,'2025-10-30 16:04:40','2025-10-30 16:04:40');
INSERT INTO posts VALUES(2,2,'Et dolores et earum similique.','et-dolores-et-earum-similique-31314',unistr('Itaque aliquam quis officiis. Et accusamus fugiat et dolore quo neque. Sapiente rerum repellat assumenda blanditiis ad. Et et beatae consequatur iste.\u000a\u000aUnde facere eos corporis commodi ullam. Animi debitis quia odio exercitationem. Aspernatur itaque accusamus omnis maxime quos quos est.\u000a\u000aOfficia enim molestias qui. Omnis odit ea mollitia iusto repellendus et quae. Ut sit accusantium iure maiores qui. Sunt est ex dolore commodi consectetur.'),1,0,0,0,447,'2025-10-30 16:04:40','2025-10-30 16:04:40');
INSERT INTO posts VALUES(3,3,'Doloremque saepe aut ea ea quis harum odio.','doloremque-saepe-aut-ea-ea-quis-harum-odio-10674',unistr('Numquam rerum sed delectus repellat sapiente eum vero. Similique voluptatum ea iste totam ullam nihil voluptatem. Corporis esse neque aut asperiores sunt. Voluptatum qui commodi et quis.\u000a\u000aEum sed harum enim et. Repellat quis enim et vel eveniet dolores reprehenderit. Facere fugiat labore aut sit ipsa eligendi dolor.\u000a\u000aQui placeat non quibusdam tempora est et occaecati sit. Rem quidem nulla minima quidem totam ipsa. Et quidem minima consectetur rerum quas.'),0,0,0,0,88,'2025-10-30 16:04:40','2025-10-30 16:04:40');
INSERT INTO posts VALUES(4,4,'Aliquam molestiae distinctio sit maxime maiores dolor fugit.','aliquam-molestiae-distinctio-sit-maxime-maiores-dolor-fugit-87898',unistr('Provident nemo in totam ex possimus. Repudiandae magni ab ex aut. Voluptatem commodi et hic nisi incidunt expedita sapiente et. Dolor est nihil natus voluptate.\u000a\u000aNeque dolorem officia culpa nobis. Placeat nihil expedita et ab.\u000a\u000aError minus et porro omnis ullam magni tempora voluptate. Soluta eos laborum illo. Quo explicabo qui ullam dolores qui omnis voluptatem. Sapiente ipsa dolorum magni.'),1,0,0,0,107,'2025-10-30 16:04:40','2025-10-30 16:04:40');
INSERT INTO posts VALUES(5,5,'Consequatur consequuntur libero nihil asperiores doloribus nihil.','consequatur-consequuntur-libero-nihil-asperiores-doloribus-nihil-98740',unistr('Possimus saepe perspiciatis in unde placeat itaque. Qui recusandae sint distinctio consequuntur omnis rerum veniam illo. Incidunt quisquam perspiciatis sunt saepe illo.\u000a\u000aCorrupti iusto sunt esse et officia omnis. Expedita ratione accusantium corporis error non facere ut iure. Quasi alias quis dolores reprehenderit saepe consequatur.\u000a\u000aIure omnis reiciendis aut amet. Expedita officia nemo in assumenda quos. Sed labore dicta tempore ut doloribus fugiat. Doloremque quia itaque autem adipisci.'),0,0,0,0,13,'2025-10-30 16:04:40','2025-10-30 16:04:40');
INSERT INTO posts VALUES(6,6,'Aut necessitatibus dolore animi ut culpa similique.','aut-necessitatibus-dolore-animi-ut-culpa-similique-98994',unistr('Accusantium quia dolor molestiae amet libero quos maiores. Sint dolor quibusdam natus debitis excepturi. Tempore vel ut quam non. Praesentium ducimus odit mollitia non facilis.\u000a\u000aUt tenetur architecto quia ipsa illum voluptatem illum. Necessitatibus cupiditate optio aut perferendis. Qui ut autem omnis qui at eaque nulla repellat. Neque aliquid est reprehenderit quibusdam quam numquam eligendi.\u000a\u000aEt sunt voluptate voluptas delectus autem inventore sequi minima. Sit nihil non consequuntur nisi eius. Soluta necessitatibus molestias nisi consequatur voluptas.'),0,0,0,0,215,'2025-10-30 16:04:40','2025-10-30 16:04:40');
INSERT INTO posts VALUES(7,7,'Cupiditate quam earum id quia ipsam sit eaque.','cupiditate-quam-earum-id-quia-ipsam-sit-eaque-3443',unistr('Aut quasi minus necessitatibus quam ipsa. Maxime quia et distinctio quaerat autem nemo ut. Qui explicabo error ea eos. Reprehenderit pariatur autem voluptas culpa.\u000a\u000aMaxime et tempore voluptate ut possimus dolor numquam. Cum ipsa dolorem et quis labore sit vero. At sint earum quia at. Consequatur excepturi odit ut quis aperiam non.\u000a\u000aVoluptas enim rem sit. Accusantium minus minus nam. Facere et tempora repellendus quisquam qui vel.'),1,0,0,0,10,'2025-10-30 16:04:40','2025-10-30 16:04:40');
INSERT INTO posts VALUES(8,8,'Dolore dolor voluptas consequatur est ad.','dolore-dolor-voluptas-consequatur-est-ad-2139',unistr('Soluta et ad voluptatem maxime quae qui. Expedita voluptatibus quam laborum illo ipsam et. Aspernatur non enim iusto fugiat quaerat cum. Dolorum enim sed quia possimus in voluptas nulla.\u000a\u000aFacilis rerum molestiae quo repellat. Ab odit consectetur quos dolorem sed animi. Tempore beatae ab eum magnam laboriosam.\u000a\u000aRerum tempora perferendis velit deleniti earum aut aut. Doloremque eius consectetur saepe totam autem magnam ut autem. Voluptatum ducimus ad aperiam cupiditate et. Inventore neque itaque velit. Quia libero omnis et illum.'),1,0,0,0,159,'2025-10-30 16:04:40','2025-10-30 16:04:40');
INSERT INTO posts VALUES(9,9,'Nostrum velit est laudantium voluptatibus sit.','nostrum-velit-est-laudantium-voluptatibus-sit-77028',unistr('Alias nostrum dolorem omnis quis praesentium. Et explicabo consequatur fuga amet illum vero. Distinctio saepe eaque deleniti ullam quisquam architecto doloremque. Rerum et ut rem voluptatem.\u000a\u000aModi sed reprehenderit qui error enim. Vel eius labore et accusamus temporibus cumque eaque ipsam. Sed ipsum eligendi velit soluta exercitationem sed repudiandae sit.\u000a\u000aDolor accusamus saepe unde dolorum perferendis. Quidem alias temporibus tempore sit. Nulla optio officia nihil sint fuga. In architecto rem magnam velit.'),1,0,0,0,126,'2025-10-30 16:04:40','2025-10-30 16:04:40');
INSERT INTO posts VALUES(10,10,'Laborum suscipit perferendis magni rerum beatae est accusantium.','laborum-suscipit-perferendis-magni-rerum-beatae-est-accusantium-84085',unistr('Ipsum natus voluptate iste eos. Accusantium rerum minus qui enim. Ut illum placeat ea voluptatum odio. Et nihil quia ea vel. Quasi ad veritatis voluptas eos.\u000a\u000aEt voluptas consequatur est. Temporibus a asperiores aperiam dolor magnam ea non. Sint doloribus exercitationem occaecati hic explicabo.\u000a\u000aNon ut labore alias sed. Tenetur occaecati ex facilis quos fuga eum corrupti. Quisquam ipsum inventore minima enim nostrum. Quaerat velit est culpa voluptatem non sed.'),1,0,0,0,478,'2025-10-30 16:04:40','2025-10-30 16:04:40');
INSERT INTO posts VALUES(11,11,'Asperiores iste aut necessitatibus laborum alias omnis architecto maxime.','asperiores-iste-aut-necessitatibus-laborum-alias-omnis-architecto-maxime-24926',unistr('Placeat perferendis vel nobis dolorem itaque ut. Libero velit omnis et eius velit cumque quis. Accusantium aut incidunt repellendus quibusdam recusandae tempore. Eum rerum tempore distinctio laudantium autem.\u000a\u000aCum quia expedita est animi. Facilis voluptas vero sit veritatis mollitia nostrum et. Nobis expedita nemo quo et. Cum magnam dolorem ut doloribus natus.\u000a\u000aCorporis maiores ea aut ipsam dignissimos. Quidem labore in perspiciatis veniam. Et quaerat cupiditate maxime est quas.'),1,0,0,0,318,'2025-10-30 16:04:40','2025-10-30 16:04:40');
INSERT INTO posts VALUES(12,12,'Quis vel vitae adipisci aut.','quis-vel-vitae-adipisci-aut-73449',unistr('Necessitatibus sequi fugit iusto laudantium. Qui sit delectus assumenda facilis. Ducimus aliquid aut enim voluptatem vel fugiat repellat. Iusto est vitae consequatur dignissimos. Odio suscipit similique odit labore ut.\u000a\u000aEt voluptatem deleniti odio ut error sunt omnis iure. Dolores beatae magni cupiditate veniam sit.\u000a\u000aDoloremque ut ratione perspiciatis est maiores. Doloremque quo dolores quae similique totam accusantium eum. Harum quod eaque laudantium nisi ut quo.'),0,0,0,0,449,'2025-10-30 16:04:40','2025-10-30 16:04:40');
INSERT INTO posts VALUES(13,13,'Ipsa rerum et fugit.','ipsa-rerum-et-fugit-20496',unistr('Assumenda sunt expedita nostrum. Quo inventore aperiam aspernatur eum. Est eius consectetur itaque dolor. Deleniti itaque impedit ut voluptatibus mollitia.\u000a\u000aQuam velit a aut reprehenderit. Fugit occaecati ut ipsum impedit aut similique aut neque. Incidunt quis iusto dolorum laboriosam.\u000a\u000aVoluptas sunt laborum aut dolore maiores rerum. Voluptatum atque officiis voluptatem aut. Quasi velit labore et adipisci laborum nostrum ipsum. Sit nam ab soluta qui debitis ut expedita. Iusto voluptatem eius quisquam rerum sit.'),1,0,0,0,48,'2025-10-30 16:04:40','2025-10-30 16:04:40');
INSERT INTO posts VALUES(14,14,'Laborum laudantium eligendi ipsam repellendus consequatur.','laborum-laudantium-eligendi-ipsam-repellendus-consequatur-37189',unistr('Ut quas provident dolores aliquid. Voluptas esse omnis ab perspiciatis harum. Quae nisi sed ut ea omnis aperiam. Explicabo et aut architecto.\u000a\u000aTempora commodi laboriosam consequuntur consequatur tempore velit. Pariatur pariatur laboriosam non quia.\u000a\u000aDicta voluptatibus voluptatem porro soluta molestiae. Nulla tenetur harum quaerat et ut perspiciatis quaerat. Dolor temporibus dolores numquam nesciunt amet doloremque placeat.'),1,0,0,0,194,'2025-10-30 16:04:40','2025-10-30 16:04:40');
INSERT INTO posts VALUES(15,15,'Alias exercitationem animi explicabo omnis iusto delectus.','alias-exercitationem-animi-explicabo-omnis-iusto-delectus-98300',unistr('Voluptas aliquam eum ut laudantium qui magni molestiae. Iure suscipit quis omnis enim. Id neque magni molestias est voluptatem. Animi ex et et molestiae. Expedita et vel reprehenderit ipsam odit ipsam.\u000a\u000aEt enim voluptas facilis minima nobis laborum facilis. Dicta quae aut maxime repudiandae. Qui quaerat illo et omnis esse.\u000a\u000aQuo aperiam aut ut corporis quia. Et consequatur deserunt maiores sit earum excepturi perspiciatis. Provident quae autem necessitatibus et. Aut laboriosam corporis impedit et qui.'),1,0,0,0,344,'2025-10-30 16:04:40','2025-10-30 16:04:40');
INSERT INTO posts VALUES(16,16,'Tempore ut sed omnis sint.','tempore-ut-sed-omnis-sint-9260',unistr('Commodi quia tempore porro eum incidunt. Id voluptatum nemo repellendus similique. Mollitia officiis temporibus vitae eum quae quaerat nostrum.\u000a\u000aAsperiores amet doloremque eos fugit sit. Quisquam sit eligendi alias asperiores voluptatibus. Commodi aut ipsa cupiditate explicabo eaque. Cum libero ratione architecto et qui quidem veniam. Quod inventore sit tempore dolores facilis est et cupiditate.\u000a\u000aRecusandae dignissimos dolorem architecto similique exercitationem quidem aut. Perspiciatis quas rerum sed et ut totam ullam. Ut sapiente temporibus expedita consequatur. Eveniet harum omnis soluta et nihil perspiciatis et.'),1,0,0,0,209,'2025-10-30 16:04:40','2025-10-30 16:04:40');
INSERT INTO posts VALUES(17,17,'Molestiae cupiditate debitis qui asperiores eius ea atque.','molestiae-cupiditate-debitis-qui-asperiores-eius-ea-atque-64879',unistr('Voluptatem temporibus maxime porro veritatis sequi fugiat assumenda aut. Accusantium porro eaque numquam adipisci fugiat accusantium et eveniet. Placeat earum omnis sed enim.\u000a\u000aNobis itaque sunt voluptatem et vero dignissimos necessitatibus. Ipsa tempora consequatur fuga culpa. Neque a distinctio fuga perspiciatis. Corporis nihil sed similique sed. Et officia magni illum ipsa et deleniti ut praesentium.\u000a\u000aOfficia qui eos quaerat eius enim et aspernatur. Saepe quos provident error sit aut quia sint. At assumenda sunt quis voluptatem aut. Dolorem et vel ratione dolor ratione exercitationem.'),1,0,0,0,289,'2025-10-30 16:04:40','2025-10-30 16:04:40');
INSERT INTO posts VALUES(18,18,'Aperiam sint ducimus consectetur.','aperiam-sint-ducimus-consectetur-41710',unistr('Aspernatur et ea nemo aspernatur. Beatae et voluptatem autem et.\u000a\u000aSunt necessitatibus iste odio cumque delectus. Quis voluptatem ut aut fuga. Saepe natus delectus dolorem aut eum minus. Dolores porro deleniti expedita est.\u000a\u000aSaepe quia error sit hic ipsam. Ullam nobis optio debitis nemo debitis illum. Est enim sit vero provident temporibus alias et.'),1,0,0,0,448,'2025-10-30 16:04:40','2025-10-30 16:04:40');
INSERT INTO posts VALUES(19,19,'Voluptates ipsa voluptatem occaecati sint nihil odit modi.','voluptates-ipsa-voluptatem-occaecati-sint-nihil-odit-modi-25558',unistr('Veniam cum et aliquam. Illum nihil at aut error libero iusto culpa atque. Et dicta dolore sit enim est aut minima at. Sit aperiam provident dicta quis.\u000a\u000aVeniam sint harum qui doloribus ipsam. Vitae mollitia quo quo ut et voluptatum unde aut. Ipsum pariatur sed aliquam ut ut sapiente sed. Voluptas illo in ut qui enim et.\u000a\u000aTempore excepturi nulla distinctio autem est nobis. Rerum corrupti aut vitae nobis.'),1,0,0,0,169,'2025-10-30 16:04:40','2025-10-30 16:04:40');
INSERT INTO posts VALUES(20,20,'Dolores ea dolore illum aut.','dolores-ea-dolore-illum-aut-33975',unistr('Beatae amet laboriosam dolore quam voluptatem quia quia. Illum et reiciendis aut natus tempore repellat illum perspiciatis. Modi voluptatem et id eveniet impedit vel consequatur. Natus et temporibus aut.\u000a\u000aNostrum aspernatur unde animi quisquam eius aperiam. Quidem iusto architecto officia repellat qui nemo unde. Quia molestiae perferendis velit nulla enim corrupti.\u000a\u000aAmet mollitia non laboriosam rerum accusantium ratione repudiandae. Praesentium quisquam ipsam corporis dolore corrupti neque. Pariatur doloremque sed occaecati nostrum.'),0,0,0,0,369,'2025-10-30 16:04:40','2025-10-30 16:04:40');
INSERT INTO posts VALUES(21,21,'Pastil','pastil','Pastilan kaboang hehe asa man ta lalom sa mangga kaon butong saka sa santol unsang orasa alas dos sa udto asa man babaw ka seryo unsay dal on asin ug kaldero hehe',1,0,0,2,1,'2025-11-16 22:13:41','2025-11-16 22:13:41');
CREATE TABLE IF NOT EXISTS "admins" (id SERIAL PRIMARY KEY not null, "username" varchar not null, "firstname" varchar not null, "middlename" varchar, "lastname" varchar not null, "avatar" varchar, "birthdate" date not null, "gender" varchar check ("gender" in ('Male', 'Female', 'Other')) not null, "phonenumber" varchar not null, "email" varchar not null, "email_verified_at" datetime, "password" varchar not null, "status" varchar check ("status" in ('Active', 'Inactive', 'Deactivated', 'Suspended', 'Banned')) not null default 'Active', "created_at" datetime, "updated_at" datetime);
INSERT INTO admins VALUES(1,'Admin 1 dsa','Sam','','Banihit',NULL,'2014-10-10','Male','662-714-4837','adminsam@gmail.com',NULL,'$2y$12$S868QrSrZnMtymqg7Ux9ZuMk30JK1gNrL/U4X/jz.6tDpsaTMTRES','Active','2025-10-30 16:04:36','2025-10-30 18:09:59');
CREATE TABLE IF NOT EXISTS "tags" (id SERIAL PRIMARY KEY not null, "admin_id" integer not null, "topic_id" integer not null, "name" varchar not null, "created_at" datetime, "updated_at" datetime, foreign key("admin_id") references "admins"("id") on delete cascade, foreign key("topic_id") references "topics"("id") on delete cascade);
CREATE TABLE IF NOT EXISTS "topics" (id SERIAL PRIMARY KEY not null, "admin_id" integer not null, "name" varchar not null, "slug" varchar not null, "description" text not null, "created_at" datetime, "updated_at" datetime, foreign key("admin_id") references "admins"("id") on delete cascade);
CREATE TABLE IF NOT EXISTS "feedbacks" (id SERIAL PRIMARY KEY not null, "user_id" integer not null, "feedback" text not null, "created_at" datetime, "updated_at" datetime, foreign key("user_id") references "users"("id") on delete cascade);
CREATE TABLE IF NOT EXISTS "user_follows" (id SERIAL PRIMARY KEY not null, "follower_user_id" integer not null, "following_user_id" integer not null, "created_at" datetime, "updated_at" datetime, foreign key("follower_user_id") references "users"("id") on delete cascade, foreign key("following_user_id") references "users"("id") on delete cascade);
CREATE TABLE IF NOT EXISTS "comments" (id SERIAL PRIMARY KEY not null, "post_id" integer not null, "user_id" integer not null, "parent_id" integer, "content" text not null, "created_at" datetime, "updated_at" datetime, foreign key("post_id") references "posts"("id") on delete cascade, foreign key("user_id") references "users"("id") on delete cascade, foreign key("parent_id") references "comments"("id") on delete cascade);
INSERT INTO comments VALUES(1,21,21,NULL,'kaboang raning koa ha hehe','2025-11-16 22:14:02','2025-11-16 22:14:02');
INSERT INTO comments VALUES(2,21,21,NULL,'sure ba','2025-11-16 22:14:15','2025-11-16 22:14:15');
CREATE TABLE IF NOT EXISTS "likes" (id SERIAL PRIMARY KEY not null, "post_id" integer not null, "user_id" integer not null, "created_at" datetime, "updated_at" datetime, foreign key("post_id") references "posts"("id") on delete cascade, foreign key("user_id") references "users"("id") on delete cascade);
CREATE TABLE IF NOT EXISTS "saves" (id SERIAL PRIMARY KEY not null, "post_id" integer not null, "user_id" integer not null, "created_at" datetime, "updated_at" datetime, foreign key("post_id") references "posts"("id") on delete cascade, foreign key("user_id") references "users"("id") on delete cascade);
CREATE TABLE IF NOT EXISTS "views" (id SERIAL PRIMARY KEY not null, "post_id" integer not null, "user_id" integer, "session_id" varchar, "ip_address" varchar, "created_at" datetime, "updated_at" datetime, foreign key("post_id") references "posts"("id") on delete cascade, foreign key("user_id") references "users"("id") on delete cascade);
INSERT INTO views VALUES(1,2,NULL,'q8PjOu9QXnHFmBQUMgxwknMKj7yNUW6PkdwSXsUP','127.0.0.1','2025-10-30 16:08:40','2025-10-30 16:08:40');
INSERT INTO views VALUES(2,21,21,'lv4AywFnbvt4gjI6leSypHbvNQspk4thniwdtQ1p','127.0.0.1','2025-11-16 22:13:46','2025-11-16 22:13:46');
CREATE TABLE IF NOT EXISTS "post_topics" (id SERIAL PRIMARY KEY not null, "topic_id" integer not null, "post_id" integer not null, "created_at" datetime, "updated_at" datetime, foreign key("topic_id") references "topics"("id") on delete cascade, foreign key("post_id") references "posts"("id") on delete cascade);
CREATE TABLE IF NOT EXISTS "post_tags" (id SERIAL PRIMARY KEY not null, "tag_id" integer not null, "post_id" integer not null, "created_at" datetime, "updated_at" datetime, foreign key("tag_id") references "tags"("id") on delete cascade, foreign key("post_id") references "posts"("id") on delete cascade);
CREATE TABLE IF NOT EXISTS "subscribed_emails" (id SERIAL PRIMARY KEY not null, "email" varchar not null, "created_at" datetime, "updated_at" datetime);
CREATE TABLE IF NOT EXISTS "notifications" (id SERIAL PRIMARY KEY not null, "user_id" integer not null, "title" varchar not null, "summary" varchar not null, "details" text not null, "category" varchar not null, "link" varchar, "is_read" tinyint(1) not null default '0', "created_by" integer, "created_at" datetime, "updated_at" datetime, foreign key("user_id") references "users"("id") on delete cascade, foreign key("created_by") references "users"("id") on delete cascade);
INSERT INTO sqlite_sequence VALUES('migrations',17);
INSERT INTO sqlite_sequence VALUES('users',21);
INSERT INTO sqlite_sequence VALUES('posts',21);
INSERT INTO sqlite_sequence VALUES('views',2);
INSERT INTO sqlite_sequence VALUES('admins',1);
INSERT INTO sqlite_sequence VALUES('comments',2);
CREATE UNIQUE INDEX "users_username_unique" on "users" ("username");
CREATE UNIQUE INDEX "users_phonenumber_unique" on "users" ("phonenumber");
CREATE UNIQUE INDEX "users_email_unique" on "users" ("email");
CREATE INDEX "sessions_user_id_index" on "sessions" ("user_id");
CREATE INDEX "sessions_last_activity_index" on "sessions" ("last_activity");
CREATE INDEX "jobs_queue_index" on "jobs" ("queue");
CREATE UNIQUE INDEX "failed_jobs_uuid_unique" on "failed_jobs" ("uuid");
CREATE UNIQUE INDEX "posts_slug_unique" on "posts" ("slug");
CREATE UNIQUE INDEX "admins_username_unique" on "admins" ("username");
CREATE UNIQUE INDEX "admins_phonenumber_unique" on "admins" ("phonenumber");
CREATE UNIQUE INDEX "admins_email_unique" on "admins" ("email");
CREATE UNIQUE INDEX "topics_name_unique" on "topics" ("name");
CREATE UNIQUE INDEX "topics_slug_unique" on "topics" ("slug");
CREATE UNIQUE INDEX "user_follows_unique" on "user_follows" ("follower_user_id", "following_user_id");
CREATE UNIQUE INDEX "likes_post_id_user_id_unique" on "likes" ("post_id", "user_id");
CREATE UNIQUE INDEX "saves_post_id_user_id_unique" on "saves" ("post_id", "user_id");
CREATE UNIQUE INDEX "unique_post_user_session" on "views" ("post_id", "user_id", "session_id");
CREATE UNIQUE INDEX "post_topics_post_id_topic_id_unique" on "post_topics" ("post_id", "topic_id");
CREATE UNIQUE INDEX "post_tags_post_id_tag_id_unique" on "post_tags" ("post_id", "tag_id");
CREATE UNIQUE INDEX "subscribed_emails_email_unique" on "subscribed_emails" ("email");
COMMIT;
